RESULT	0	PaperNativeBeardifierBury	(I[D[D[D[J)I	currentBatchSummary	alt	1625.7	1625.7	1625.7	OK s0
RESULT	0	PaperNativeBeardifierBury	(I[D[D[D[J)I	optimizedBatchSummary	alt	1619.5	1619.5	1619.5	OK s0
SINK	-7767045384801505436
RESULT	1	PaperNativeBiomeGetBiome	(I[J[I[I[I[J)I	currentBatchSummary	alt	18015.1	18015.1	18015.1	OK s0
RESULT	1	PaperNativeBiomeGetBiome	(I[J[I[I[I[J)I	optimizedBatchSummary	alt	16412.7	16412.7	16412.7	OK s0
SINK	204594300
RESULT	2	PaperNativeCarverIteration	(I[I[I[J)I	foreachSummary	alt	212.9	212.9	212.9	OK s0
RESULT	2	PaperNativeCarverIteration	(I[I[I[J)I	indexedSummary	alt	214.4	214.4	214.4	OK s0
SINK	-4315802454
RESULT	3	PaperNativeChunkExpireCount	(IIII[J)I	hotSummary	alt	114.1	114.1	114.1	OK s0
SINK	-2716226634
CRASH	4	exit=134
RESULT	5	PaperNativeChunkTicketStage	([J[J[B[JII[J)I	runBatch	alt	190934.3	190934.3	190934.3	OK s0
SINK	-286461280
RESULT	6	PaperNativeCompressionThresholdShape	([I[II[J)I	thresholdSummary	alt	80296064.4	80296064.4	80296064.4	OK s0
SINK	1895882360
RESULT	7	PaperNativeCraftPlayerCanSee	(I[J)I	emptyCandidateSummary	alt	2230.1	2230.1	2230.1	OK s0
RESULT	7	PaperNativeCraftPlayerCanSee	(I[J)I	emptyChunkMapCandidateSummary	alt	5860.1	5860.1	5860.1	OK s0
RESULT	7	PaperNativeCraftPlayerCanSee	(I[J)I	emptyCurrentSummary	alt	2515.6	2515.6	2515.6	OK s0
RESULT	7	PaperNativeCraftPlayerCanSee	(I[J)I	emptyGuardedSummary	alt	2517.1	2517.1	2517.1	OK s0
RESULT	7	PaperNativeCraftPlayerCanSee	(I[J)I	populatedCandidateSummary	alt	4981.9	4981.9	4981.9	OK s0
RESULT	7	PaperNativeCraftPlayerCanSee	(I[J)I	populatedChunkMapCandidateSummary	alt	7968.3	7968.3	7968.3	OK s0
RESULT	7	PaperNativeCraftPlayerCanSee	(I[J)I	populatedCurrentSummary	alt	5034.3	5034.3	5034.3	OK s0
RESULT	7	PaperNativeCraftPlayerCanSee	(I[J)I	populatedGuardedSummary	alt	5026.3	5026.3	5026.3	OK s0
SINK	5481347148736
RESULT	8	PaperNativeDeflaterInputShape	([B[I[II[J)I	copiedSummary	alt	368.9	368.9	368.9	OK s0
RESULT	8	PaperNativeDeflaterInputShape	([B[I[II[J)I	sliceSummary	alt	370.8	370.8	370.8	OK s0
SINK	-3630611686
RESULT	9	PaperNativeHash	([B[B)I	sha256Digest	alt	339.1	339.1	339.1	OK s0
SINK	4886561248
RESULT	10	PaperNativeHashPath	([Ljava/lang/Object;I[J)I	streamingSummary	alt	86.4	86.4	86.4	OK s0
SINK	-1187394798
RESULT	11	PaperNativeHashPath	([Ljava/lang/Object;[J)I	readAllSummary	alt	86.6	86.6	86.6	OK s0
SINK	-1184159390
RESULT	12	PaperNativeImprovedNoiseFloor	([BI[J)I	currentMthFloorSummary	alt	9612.6	9612.6	9612.6	OK s0
RESULT	12	PaperNativeImprovedNoiseFloor	([BI[J)I	mathFloorSummary	alt	9493.8	9493.8	9493.8	OK s0
SINK	-6292797652770925620
RESULT	13	PaperNativeLz4	([BI[B)I	lz4BlockCompress	alt	53.8	53.8	53.8	OK s0
SINK	-285961708006
RESULT	14	PaperNativeLz4	([B[B)I	lz4BlockDecompress	alt	159.3	159.3	159.3	OK s0
SINK	-1945866714
RESULT	15	PaperNativeLz4StreamRoundtrip	([BII[J)I	roundtripSummary	alt	73694.2	73694.2	73694.2	OK s0
SINK	186734328
RESULT	16	PaperNativeNbtCompoundMapCapacity	([B[I[II[J)I	parseCapacitySummary	alt	356.8	356.8	356.8	OK s0
SINK	-1871867699
RESULT	17	PaperNativeNbtGzipBufferShape	([IIII[J)I	shapeSummary	alt	538314.2	538314.2	538314.2	OK s0
SINK	105774997240
RESULT	18	PaperNativeNearbyPlayerMap	(II[J)I	defaultCapacitySummary	alt	3556.6	3556.6	3556.6	OK s0
RESULT	18	PaperNativeNearbyPlayerMap	(II[J)I	presizedCapacitySummary	alt	2879.8	2879.8	2879.8	OK s0
SINK	638068728
RESULT	19	PaperNativeNoiseChunkInterpolatorArray	(IIII[J)I	arraySummary	alt	34464.0	34464.0	34464.0	OK s0
RESULT	19	PaperNativeNoiseChunkInterpolatorArray	(IIII[J)I	indexedListSummary	alt	34275.9	34275.9	34275.9	OK s0
RESULT	19	PaperNativeNoiseChunkInterpolatorArray	(IIII[J)I	listSummary	alt	35462.1	35462.1	35462.1	OK s0
SINK	4629960831
RESULT	20	PaperNativeNoiseGeneratorSettings	([I[I[II[I)I	cachedIntSettings	alt	601.8	601.8	601.8	OK s0
RESULT	20	PaperNativeNoiseGeneratorSettings	([I[I[II[I)I	holderValueSettings	alt	602.5	602.5	602.5	OK s0
RESULT	20	PaperNativeNoiseGeneratorSettings	([I[I[II[I)I	lazyPrimitiveSettings	alt	602.0	602.0	602.0	OK s0
RESULT	20	PaperNativeNoiseGeneratorSettings	([I[I[II[I)I	manualLazyObjectSettings	alt	601.3	601.3	601.3	OK s0
RESULT	20	PaperNativeNoiseGeneratorSettings	([I[I[II[I)I	memoizedSupplierSettings	alt	602.1	602.1	602.1	OK s0
SINK	428367331
RESULT	21	PaperNativePalettedReencodeRemapCache	(I[J)I	cachedPaletteIdsSummary	alt	617949.2	617949.2	617949.2	OK s0
RESULT	21	PaperNativePalettedReencodeRemapCache	(I[J)I	currentPreviousOnlySummary	alt	782244.1	782244.1	782244.1	OK s0
SINK	3241137283135067256
RESULT	22	PaperNativePerlinGetValue	([B[B[D[D[D[D[DDDII[J)I	getValueVariantBatchSummary	alt	22.0	22.0	22.0	OK s0
SINK	-4678302814
RESULT	23	PaperNativePlacedFeatureTraversal	(JI[J)I	recursiveSummary	alt	3128.2	3128.2	3128.2	OK s0
SINK	3202038856994244198
RESULT	24	PaperNativePluginNameJoin	(I[Ljava/lang/Object;Ljava/lang/String;[J)I	manualJoinSummary	alt	86.8	86.8	86.8	OK s0
RESULT	24	PaperNativePluginNameJoin	(I[Ljava/lang/Object;Ljava/lang/String;[J)I	stringJoinSummary	alt	87.2	87.2	87.2	OK s0
SINK	-2344300476
RESULT	25	PaperNativeRemapperHashThreshold	(I[Ljava/lang/Object;[J)I	computeIfAbsentSummary	alt	87.5	87.5	87.5	OK s0
RESULT	25	PaperNativeRemapperHashThreshold	(I[Ljava/lang/Object;[J)I	hybridSummary	alt	87.5	87.5	87.5	OK s0
RESULT	25	PaperNativeRemapperHashThreshold	(I[Ljava/lang/Object;[J)I	parallelSummary	alt	86.4	86.4	86.4	OK s0
RESULT	25	PaperNativeRemapperHashThreshold	(I[Ljava/lang/Object;[J)I	putSummary	alt	87.3	87.3	87.3	OK s0
SINK	-4471888632
RESULT	26	PaperNativeShiftNoiseDirect	(I[I[I[I[J)I	currentASummary	alt	1459.0	1459.0	1459.0	OK s0
RESULT	26	PaperNativeShiftNoiseDirect	(I[I[I[I[J)I	currentBSummary	alt	1465.3	1465.3	1465.3	OK s0
RESULT	26	PaperNativeShiftNoiseDirect	(I[I[I[I[J)I	currentDefaultSummary	alt	1463.0	1463.0	1463.0	OK s0
RESULT	26	PaperNativeShiftNoiseDirect	(I[I[I[I[J)I	directASummary	alt	1462.9	1462.9	1462.9	OK s0
RESULT	26	PaperNativeShiftNoiseDirect	(I[I[I[I[J)I	directBSummary	alt	1460.2	1460.2	1460.2	OK s0
RESULT	26	PaperNativeShiftNoiseDirect	(I[I[I[I[J)I	directDefaultSummary	alt	1474.7	1474.7	1474.7	OK s0
SINK	-1769347302958135992
RESULT	27	PaperNativeSurfaceRulesSequenceArray	(II[J)I	arrayForeachSummary	alt	5216.0	5216.0	5216.0	OK s0
RESULT	27	PaperNativeSurfaceRulesSequenceArray	(II[J)I	arrayIndexedSummary	alt	2762.8	2762.8	2762.8	OK s0
RESULT	27	PaperNativeSurfaceRulesSequenceArray	(II[J)I	listEnhancedSummary	alt	2780.2	2780.2	2780.2	OK s0
RESULT	27	PaperNativeSurfaceRulesSequenceArray	(II[J)I	listIndexedSummary	alt	2770.1	2770.1	2770.1	OK s0
SINK	15914012184
RESULT	28	PaperNativeTicketCompare	([I[J[B[I[I[II[J)I	compareIndexedBatch	alt	670.0	670.0	670.0	OK s0
SINK	-1527259020
RESULT	29	PaperNativeTicketPack	([J[B[III[J)I	packSummary	alt	54.1	54.1	54.1	OK s0
SINK	-6651878289
RESULT	30	PaperNativeWaypointChunkUpdate	(I[J)I	distanceSummary	alt	565.4	565.4	565.4	OK s0
RESULT	30	PaperNativeWaypointChunkUpdate	(I[J)I	longKeySummary	alt	296.7	296.7	296.7	OK s0
SINK	1337390022
RESULT	31	PaperNativeWaypointManagerSkip	(I[J)I	currentPlayerFullSummary	alt	175.0	175.0	175.0	OK s0
RESULT	31	PaperNativeWaypointManagerSkip	(I[J)I	currentPlayerPartialSummary	alt	175.2	175.2	175.2	OK s0
RESULT	31	PaperNativeWaypointManagerSkip	(I[J)I	currentWaypointFullSummary	alt	176.7	176.7	176.7	OK s0
RESULT	31	PaperNativeWaypointManagerSkip	(I[J)I	currentWaypointPartialSummary	alt	176.8	176.8	176.8	OK s0
RESULT	31	PaperNativeWaypointManagerSkip	(I[J)I	skipPlayerFullSummary	alt	175.5	175.5	175.5	OK s0
RESULT	31	PaperNativeWaypointManagerSkip	(I[J)I	skipPlayerPartialSummary	alt	175.8	175.8	175.8	OK s0
RESULT	31	PaperNativeWaypointManagerSkip	(I[J)I	skipWaypointFullSummary	alt	176.3	176.3	176.3	OK s0
RESULT	31	PaperNativeWaypointManagerSkip	(I[J)I	skipWaypointPartialSummary	alt	176.3	176.3	176.3	OK s0
SINK	2906720120827163654
RESULT	32	PaperNativeWaypointSnapshot	(I[J)I	manualSummary	alt	192.1	192.1	192.1	OK s0
RESULT	32	PaperNativeWaypointSnapshot	(I[J)I	sizedArraySummary	alt	192.2	192.2	192.2	OK s0
RESULT	32	PaperNativeWaypointSnapshot	(I[J)I	toArraySummary	alt	194.3	194.3	194.3	OK s0
SINK	26749500046496189
RESULT	33	PaperNativeWaypointTableView	(I[J)I	columnSummary	alt	195.2	195.2	195.2	OK s0
RESULT	33	PaperNativeWaypointTableView	(I[J)I	transposeRowSummary	alt	196.7	196.7	196.7	OK s0
SINK	2120097105291498
RESULT	34	PaperNativeYClampedGradient	(I[I[I[I[D[D[J)I	currentBatchSummary	alt	1726.1	1726.1	1726.1	OK s0
RESULT	34	PaperNativeYClampedGradient	(I[I[I[I[D[D[J)I	optimizedBatchSummary	alt	1721.0	1721.0	1721.0	OK s0
SINK	-5764607522301773480
RESULT	35	net.minecraft.network.protocol.game.PaperNativeChunkPacketEncode	(I[S[B[I[BI[I[JI[B[I[BI[I[JI[BI)I	nativeEncodeSectionDataSized	alt	207.0	207.0	207.0	OK s0
SINK	-740353005
RESULT	36	net.minecraft.network.protocol.game.PaperNativeChunkPacketEncode	([J[J[J[J[BI[BI[B)I	nativeEncodeLightData	alt	115.9	115.9	115.9	OK s0
SINK	-1333441533
RESULT	37	net.minecraft.network.protocol.game.PaperNativeChunkPacketEncode	([S[B[I[B[I[J[B[I[B[I[J[B)I	nativeEncodeSectionData	alt	276.8	276.8	276.8	OK s0
SINK	-557567085
RESULT	38	net.minecraft.world.level.biome.PaperNativeClimate	([J[J[J[I[J)I	nodeBestMatchUniqueBatch	alt	40.7	40.7	40.7	OK s0
SINK	-4970294108
CRASH	39	exit=134
CRASH	40	exit=134
CRASH	41	exit=134
RESULT	42	net.minecraft.world.level.biome.PaperNativeClimateRTree	(J[JI[I[J)I	nativeSearchBoundedBatchPacked	alt	29.9	29.9	29.9	OK s0
SINK	-5136675045
RESULT	43	net.minecraft.world.level.biome.PaperNativeClimateRTree	([J[J)J	nativeBuildTreeHandle	alt	40.4	40.4	40.4	OK s0
SINK	0
RESULT	44	net.minecraft.world.level.levelgen.PaperNativeNoiseChunkWrapCapacity	([I[I[FI[J)I	shapeSummary	alt	378.4	378.4	378.4	OK s0
SINK	-1635604020
CRASH	45	exit=134
CRASH	46	exit=134
CRASH	47	exit=134
RESULT	48	net.minecraft.world.level.levelgen.synth.PaperNativePerlinNoise	([B[B[D[D[D[DDD)J	nativeBuildHandle	alt	40.8	40.8	40.8	OK s0
SINK	0
