RESULT	0	PaperNativeAquiferIndexStride	(I[J)I	newBatchSummary	alt	10044.8	10044.8	10044.8	OK s0
RESULT	0	PaperNativeAquiferIndexStride	(I[J)I	oldBatchSummary	old	10661.5	10661.5	10661.5	OK s0
SINK	13805757650
RESULT	1	PaperNativeAquiferPositionalLocation	(I[I[I[IJJ[J)I	directBatchSummary	alt	2202.4	2202.4	2202.4	OK s0
RESULT	1	PaperNativeAquiferPositionalLocation	(I[I[I[IJJ[J)I	oldBatchSummary	old	2220.4	2220.4	2220.4	OK s0
SINK	-7505147173595973072
RESULT	2	PaperNativeAquiferSurfaceSampling	(I[J)I	newBatchSummary	alt	5432.5	5432.5	5432.5	OK s0
RESULT	2	PaperNativeAquiferSurfaceSampling	(I[J)I	oldBatchSummary	old	6021.1	6021.1	6021.1	OK s0
SINK	-7010340616045206
RESULT	3	PaperNativeBlendedNoise	(I[J)I	cachedBatchSummary	alt	50512.8	50512.8	50512.8	OK s0
RESULT	3	PaperNativeBlendedNoise	(I[J)I	oldBatchSummary	old	51570.4	51570.4	51570.4	OK s0
SINK	-4600509909735696988
RESULT	4	PaperNativeCaveCarverSkip	(I[D[D[D[D[J)I	directHelperSummary	alt	34370319.6	34370319.6	34370319.6	OK s0
RESULT	4	PaperNativeCaveCarverSkip	(I[D[D[D[D[J)I	oldLambdaSummary	old	34258505.3	34258505.3	34258505.3	OK s0
RESULT	4	PaperNativeCaveCarverSkip	(I[D[D[D[D[J)I	reusedCheckerSummary	alt	34284961.8	34284961.8	34284961.8	OK s0
SINK	898765759770
RESULT	5	PaperNativeChunkDependencies	(I[J)I	arraySummary	alt	1095.0	1095.0	1095.0	OK s0
RESULT	5	PaperNativeChunkDependencies	(I[J)I	oldImmutableListSummary	old	1129.9	1129.9	1129.9	OK s0
SINK	3076582068
RESULT	6	PaperNativeClimateParameterDistance	([J[J[J[J)I	branchDistanceSum	alt	523.7	523.7	523.7	OK s0
RESULT	6	PaperNativeClimateParameterDistance	([J[J[J[J)I	oldDistanceSum	old	521.7	521.7	521.7	OK s0
RESULT	6	PaperNativeClimateParameterDistance	([J[J[J[J)I	subtractFirstDistanceSum	alt	522.2	522.2	522.2	OK s0
SINK	-3229145535
RESULT	7	PaperNativeCubicSplineCreate	(I[F[F[J)I	indexSummary	alt	153242.3	153242.3	153242.3	OK s0
RESULT	7	PaperNativeCubicSplineCreate	(I[F[F[J)I	oldIteratorSummary	old	152661.5	152661.5	152661.5	OK s0
SINK	8354680
RESULT	8	PaperNativeDensityAp2Fill	(II[J)I	oldFlatSummary	old	12906.1	12906.1	12906.1	OK s0
RESULT	8	PaperNativeDensityAp2Fill	(II[J)I	oldNestedSummary	old	22118.1	22118.1	22118.1	OK s0
RESULT	8	PaperNativeDensityAp2Fill	(II[J)I	scratchFlatSummary	alt	11259.9	11259.9	11259.9	OK s0
RESULT	8	PaperNativeDensityAp2Fill	(II[J)I	scratchNestedSummary	alt	19655.6	19655.6	19655.6	OK s0
SINK	3083116641136762332
RESULT	9	PaperNativeDensityAp2MinMaxFill	(III[J)I	newSummary	alt	118.3	118.3	118.3	OK s0
RESULT	9	PaperNativeDensityAp2MinMaxFill	(III[J)I	oldSummary	old	118.5	118.5	118.5	OK s0
SINK	3467920152
RESULT	10	PaperNativeDensitySplineContext	(I[J)I	newDirectSummary	alt	1869.5	1869.5	1869.5	OK s0
RESULT	10	PaperNativeDensitySplineContext	(I[J)I	oldWrapperSummary	old	1925.9	1925.9	1925.9	OK s0
SINK	-7638986471167418888
RESULT	11	PaperNativeDensityVisitorHook	(III[J)I	hookedUnwrappingSummary	alt	673.1	673.1	673.1	OK s0
RESULT	11	PaperNativeDensityVisitorHook	(III[J)I	oldUnwrappingSummary	old	669.2	669.2	669.2	OK s0
SINK	31235636262
RESULT	12	PaperNativeEntityBoundingBox	(I[F[F[D[D[D[J)I	directDimensionsSetSummary	alt	5824.5	5824.5	5824.5	OK s0
RESULT	12	PaperNativeEntityBoundingBox	(I[F[F[D[D[D[J)I	oldMakeThenSetSummary	old	5644.6	5644.6	5644.6	OK s0
SINK	7812737462323292152
RESULT	13	PaperNativeEntityChunkTransient	(IIJ[J)I	newMixedSummary	alt	290.8	290.8	290.8	OK s0
RESULT	13	PaperNativeEntityChunkTransient	(IIJ[J)I	oldMixedSummary	old	300.5	300.5	300.5	OK s0
SINK	7940931777526310968
RESULT	14	PaperNativeEntityLookupStatus	(I[J)I	directAccessibleSummary	alt	1085.7	1085.7	1085.7	OK s0
RESULT	14	PaperNativeEntityLookupStatus	(I[J)I	directStatusSummary	alt	1091.4	1091.4	1091.4	OK s0
RESULT	14	PaperNativeEntityLookupStatus	(I[J)I	oldAccessibleSummary	old	1087.5	1087.5	1087.5	OK s0
RESULT	14	PaperNativeEntityLookupStatus	(I[J)I	oldStatusSummary	old	1092.2	1092.2	1092.2	OK s0
SINK	2157838796
RESULT	15	PaperNativeImprovedNoiseDerivative	([B[I[I[I[D[D[DI[J)I	flatGradientDerivativeSummary	alt	11541.8	11541.8	11541.8	OK s0
RESULT	15	PaperNativeImprovedNoiseDerivative	([B[I[I[I[D[D[DI[J)I	inlineDerivativeSummary	alt	11688.5	11688.5	11688.5	OK s0
RESULT	15	PaperNativeImprovedNoiseDerivative	([B[I[I[I[D[D[DI[J)I	intTableDerivativeSummary	alt	11676.1	11676.1	11676.1	OK s0
RESULT	15	PaperNativeImprovedNoiseDerivative	([B[I[I[I[D[D[DI[J)I	oldDerivativeSummary	old	11690.6	11690.6	11690.6	OK s0
SINK	1090306743601641640
RESULT	16	PaperNativeImprovedNoiseInline	([BI[J)I	arithmeticSummary	alt	8016.5	8016.5	8016.5	OK s0
RESULT	16	PaperNativeImprovedNoiseInline	([BI[J)I	flatGradientSummary	alt	8138.3	8138.3	8138.3	OK s0
RESULT	16	PaperNativeImprovedNoiseInline	([BI[J)I	inlineByteAccessSummary	alt	9299.0	9299.0	9299.0	OK s0
RESULT	16	PaperNativeImprovedNoiseInline	([BI[J)I	oldPMethodSummary	old	9304.0	9304.0	9304.0	OK s0
RESULT	16	PaperNativeImprovedNoiseInline	([BI[J)I	switchGradientSummary	alt	7646.5	7646.5	7646.5	OK s0
SINK	-7629912946696031297
RESULT	17	PaperNativeJigsawCanAttach	(I[I[I[I[I[Z[I[I[J)I	oldBatchSummary	old	624.8	624.8	624.8	OK s0
RESULT	17	PaperNativeJigsawCanAttach	(I[I[I[I[I[Z[I[I[J)I	optimizedBatchSummary	alt	626.8	626.8	626.8	OK s0
RESULT	17	PaperNativeJigsawCanAttach	(I[I[I[I[I[Z[I[I[J)I	targetFirstBatchSummary	alt	626.6	626.6	626.6	OK s0
SINK	999081375
RESULT	18	PaperNativeLegacyProvidedAliasRemoval	(I[Ljava/lang/Object;[Ljava/lang/Object;I[J)I	newReverseAliasRemoveSummary	alt	87.7	87.7	87.7	OK s0
RESULT	18	PaperNativeLegacyProvidedAliasRemoval	(I[Ljava/lang/Object;[Ljava/lang/Object;I[J)I	oldValuesRemoveIfSummary	old	88.0	88.0	88.0	OK s0
SINK	-2343582764
RESULT	19	PaperNativeLevelChunkHeightmap	(I[J)I	newCombinedUpdateSummary	alt	12306444.9	12306444.9	12306444.9	OK s0
RESULT	19	PaperNativeLevelChunkHeightmap	(I[J)I	oldFourUpdateSummary	old	2204406.3	2204406.3	2204406.3	OK s0
SINK	383800
RESULT	20	PaperNativeMarkerCache	(III[J)I	cachedSummary	alt	556062.3	556062.3	556062.3	OK s0
RESULT	20	PaperNativeMarkerCache	(III[J)I	oldSummary	old	118934.1	118934.1	118934.1	OK s0
SINK	3189778511352
RESULT	21	PaperNativeNoiseChunkBlendCache	(II[J)I	newEmptyBlenderSummary	alt	232.0	232.0	232.0	OK s0
RESULT	21	PaperNativeNoiseChunkBlendCache	(II[J)I	oldEmptyBlenderSummary	old	72433.7	72433.7	72433.7	OK s0
SINK	6186569130
RESULT	22	PaperNativeNoiseChunkFlatCacheContext	(II[J)I	newFalseContextSummary	alt	18660.6	18660.6	18660.6	OK s0
RESULT	22	PaperNativeNoiseChunkFlatCacheContext	(II[J)I	newTrueContextSummary	alt	18815.7	18815.7	18815.7	OK s0
RESULT	22	PaperNativeNoiseChunkFlatCacheContext	(II[J)I	oldFalseContextSummary	old	21831.3	21831.3	21831.3	OK s0
RESULT	22	PaperNativeNoiseChunkFlatCacheContext	(II[J)I	oldTrueContextSummary	old	23368.5	23368.5	23368.5	OK s0
SINK	29867508
RESULT	23	PaperNativeNoiseInterpolatorSlice	(IIII[J)I	flatSummary	alt	1847070.7	1847070.7	1847070.7	OK s0
RESULT	23	PaperNativeNoiseInterpolatorSlice	(IIII[J)I	oldJaggedSummary	old	6161114.0	6161114.0	6161114.0	OK s0
SINK	474752810
RESULT	24	PaperNativeObfHelperMaps	([Ljava/lang/Object;[Ljava/lang/Object;[I[I[Ljava/lang/Object;[Ljava/lang/Object;[Ljava/lang/Object;[Ljava/lang/Object;[Ljava/lang/Object;[Ljava/lang/Object;[J)I	directMapsSummary	alt	93.7	93.7	93.7	OK s0
RESULT	24	PaperNativeObfHelperMaps	([Ljava/lang/Object;[Ljava/lang/Object;[I[I[Ljava/lang/Object;[Ljava/lang/Object;[Ljava/lang/Object;[Ljava/lang/Object;[Ljava/lang/Object;[Ljava/lang/Object;[J)I	oldStreamDefaultSummary	old	93.2	93.2	93.2	OK s0
RESULT	24	PaperNativeObfHelperMaps	([Ljava/lang/Object;[Ljava/lang/Object;[I[I[Ljava/lang/Object;[Ljava/lang/Object;[Ljava/lang/Object;[Ljava/lang/Object;[Ljava/lang/Object;[Ljava/lang/Object;[J)I	presizedStringPoolSummary	alt	94.1	94.1	94.1	OK s0
SINK	-3269336074
RESULT	25	PaperNativeOreFeatureLoop	([D[D[D[D[I[I[I[I[I[IIIIII[J)I	oldLoopSummary	old	1877.2	1877.2	1877.2	OK s0
RESULT	25	PaperNativeOreFeatureLoop	([D[D[D[D[I[I[I[I[I[IIIIII[J)I	optimizedLoopSummary	alt	1876.0	1876.0	1876.0	OK s0
SINK	54834350
RESULT	26	PaperNativeOwnableRule	(I[J)I	newLoopSummary	alt	3709.9	3709.9	3709.9	OK s0
RESULT	26	PaperNativeOwnableRule	(I[J)I	oldStreamSummary	old	4164.6	4164.6	4164.6	OK s0
SINK	499773780
RESULT	27	PaperNativePalettedReencodeScratch	(I[J)I	directPackedSummary	alt	1137422.2	1137422.2	1137422.2	OK s0
RESULT	27	PaperNativePalettedReencodeScratch	(I[J)I	oldNewArraySummary	old	492264.1	492264.1	492264.1	OK s0
RESULT	27	PaperNativePalettedReencodeScratch	(I[J)I	scratchThreadLocalSummary	alt	409012.1	409012.1	409012.1	OK s0
SINK	4491109799354420724
RESULT	28	PaperNativePluginClassLoaderGroup	(I[Ljava/lang/Object;[IILjava/lang/String;[J)I	oldLookupSummary	old	91.4	91.4	91.4	OK s0
RESULT	28	PaperNativePluginClassLoaderGroup	(I[Ljava/lang/Object;[IILjava/lang/String;[J)I	skipRequesterSummary	alt	92.4	92.4	92.4	OK s0
SINK	-2218695420
RESULT	29	PaperNativePluginDirectoryScan	(ILjava/lang/String;[J)I	directoryStreamSummary	alt	1339552.8	1339552.8	1339552.8	OK s0
RESULT	29	PaperNativePluginDirectoryScan	(ILjava/lang/String;[J)I	newListSummary	alt	1330462.9	1330462.9	1330462.9	OK s0
RESULT	29	PaperNativePluginDirectoryScan	(ILjava/lang/String;[J)I	oldWalkDepth1Summary	old	1489407.7	1489407.7	1489407.7	OK s0
SINK	2367828
RESULT	30	PaperNativePluginLoadingAllocation	(I[Ljava/lang/Object;[Ljava/lang/Object;[Ljava/lang/Object;I[J)I	newLazyMissingSetSummary	alt	88.7	88.7	88.7	OK s0
RESULT	30	PaperNativePluginLoadingAllocation	(I[Ljava/lang/Object;[Ljava/lang/Object;[Ljava/lang/Object;I[J)I	newLazyValidateSummary	alt	88.6	88.6	88.6	OK s0
RESULT	30	PaperNativePluginLoadingAllocation	(I[Ljava/lang/Object;[Ljava/lang/Object;[Ljava/lang/Object;I[J)I	newPresizedSetupSummary	alt	89.3	89.3	89.3	OK s0
RESULT	30	PaperNativePluginLoadingAllocation	(I[Ljava/lang/Object;[Ljava/lang/Object;[Ljava/lang/Object;I[J)I	oldDefaultCapacitySetupSummary	old	89.1	89.1	89.1	OK s0
RESULT	30	PaperNativePluginLoadingAllocation	(I[Ljava/lang/Object;[Ljava/lang/Object;[Ljava/lang/Object;I[J)I	oldEagerMissingSetSummary	old	88.9	88.9	88.9	OK s0
RESULT	30	PaperNativePluginLoadingAllocation	(I[Ljava/lang/Object;[Ljava/lang/Object;[Ljava/lang/Object;I[J)I	oldEagerValidateSummary	old	88.9	88.9	88.9	OK s0
SINK	-6231418500
RESULT	31	PaperNativePluginMetaDependency	(I[Ljava/lang/Object;[Z[Z[I[J)I	cachedSummary	alt	91.3	91.3	91.3	OK s0
RESULT	31	PaperNativePluginMetaDependency	(I[Ljava/lang/Object;[Z[Z[I[J)I	newLoopSummary	alt	92.0	92.0	92.0	OK s0
RESULT	31	PaperNativePluginMetaDependency	(I[Ljava/lang/Object;[Z[Z[I[J)I	oldStreamSummary	old	92.0	92.0	92.0	OK s0
SINK	-3375081786
RESULT	32	PaperNativePluginNameLog	(I[Ljava/lang/Object;[Ljava/lang/Object;[J)I	newArrayListSortSummary	alt	87.8	87.8	87.8	OK s0
RESULT	32	PaperNativePluginNameLog	(I[Ljava/lang/Object;[Ljava/lang/Object;[J)I	oldTreesetSummary	old	88.0	88.0	88.0	OK s0
SINK	-2335739516
RESULT	33	PaperNativePluginStartupRollup	(I[Ljava/lang/Object;Ljava/lang/String;[Ljava/lang/Object;[Ljava/lang/Object;[J)I	newSummary	alt	95.0	95.0	95.0	OK s0
RESULT	33	PaperNativePluginStartupRollup	(I[Ljava/lang/Object;Ljava/lang/String;[Ljava/lang/Object;[Ljava/lang/Object;[J)I	oldSummary	old	95.5	95.5	95.5	OK s0
SINK	-2161481820
RESULT	34	PaperNativeProtoChunkHeightmap	(I)J	newCachedContainsSummary	alt	2067.5	2067.5	2067.5	OK s0
RESULT	34	PaperNativeProtoChunkHeightmap	(I)J	oldEnumSetForeachSummary	old	1167.3	1167.3	1167.3	OK s0
SINK	461755620352
RESULT	35	PaperNativeRangeChoice	([D[I[I[II[J)I	oldFillArraySummary	old	81.5	81.5	81.5	OK s0
RESULT	35	PaperNativeRangeChoice	([D[I[I[II[J)I	optimizedFillArraySummary	alt	81.7	81.7	81.7	OK s0
SINK	-7540894212
RESULT	36	PaperNativeRemapperIndexCleanup	(I[Ljava/lang/Object;[Ljava/lang/Object;[Ljava/lang/Object;[Ljava/lang/Object;[Ljava/lang/Object;[J)I	newLazyCleanupSummary	alt	91.2	91.2	91.2	OK s0
RESULT	36	PaperNativeRemapperIndexCleanup	(I[Ljava/lang/Object;[Ljava/lang/Object;[Ljava/lang/Object;[Ljava/lang/Object;[Ljava/lang/Object;[J)I	oldEagerCleanupSummary	old	91.1	91.1	91.1	OK s0
SINK	-2258219180
RESULT	37	PaperNativeRemapperSkipHashes	(ILjava/lang/String;[J)I	newLoopSummary	alt	33254.7	33254.7	33254.7	OK s0
RESULT	37	PaperNativeRemapperSkipHashes	(ILjava/lang/String;[J)I	oldStreamSummary	old	34381.3	34381.3	34381.3	OK s0
SINK	12212760
RESULT	38	PaperNativeServerEntityDeltaIdentity	(I[D[D[D[D[D[D[J)I	oldDistanceSummary	old	2205.0	2205.0	2205.0	OK s0
SINK	270089180
RESULT	39	PaperNativeSpigotLoadOrderDependency	(I[Ljava/lang/Object;[J)I	newLoadAfterBuildSummary	alt	87.1	87.1	87.1	OK s0
RESULT	39	PaperNativeSpigotLoadOrderDependency	(I[Ljava/lang/Object;[J)I	oldLoadAfterBuildSummary	old	87.6	87.6	87.6	OK s0
SINK	-2363650924
RESULT	40	PaperNativeSpigotLoadOrderDependency	(I[Ljava/lang/Object;[Ljava/lang/Object;[Ljava/lang/Object;I[J)I	newRemovedCountSummary	alt	88.1	88.1	88.1	OK s0
RESULT	40	PaperNativeSpigotLoadOrderDependency	(I[Ljava/lang/Object;[Ljava/lang/Object;[Ljava/lang/Object;I[J)I	oldRemovedCountSummary	old	88.3	88.3	88.3	OK s0
SINK	-2341671676
RESULT	41	PaperNativeSpringFeatureMutablePos	(I[I[I[I[Z[I[I[J)I	mutableBatchSummary	alt	2885.1	2885.1	2885.1	OK s0
RESULT	41	PaperNativeSpringFeatureMutablePos	(I[I[I[I[Z[I[I[J)I	oldBatchSummary	old	2882.9	2882.9	2882.9	OK s0
SINK	439736760
RESULT	42	PaperNativeStaticCacheGet	(IIIII[I[J)I	newBatchSummary	alt	34.5	34.5	34.5	OK s0
RESULT	42	PaperNativeStaticCacheGet	(IIIII[I[J)I	oldBatchSummary	old	34.4	34.4	34.4	OK s0
SINK	-15105514150
RESULT	43	PaperNativeSurfaceRulesTestRuleState	(II[J)I	newStateRuleSummary	alt	1157.3	1157.3	1157.3	OK s0
RESULT	43	PaperNativeSurfaceRulesTestRuleState	(II[J)I	oldStateRuleSummary	old	1106.3	1106.3	1106.3	OK s0
SINK	1850415816
RESULT	44	PaperNativeTopographicGraphSortCapacity	(I[I[I[I[J)I	newPresizedSummary	alt	351.2	351.2	351.2	OK s0
RESULT	44	PaperNativeTopographicGraphSortCapacity	(I[I[I[I[J)I	oldDefaultCapacitySummary	old	352.1	352.1	352.1	OK s0
SINK	-586453660
RESULT	45	PaperNativeWaypointDistanceGuard	(I[D[D[D[D[D[D[D[J)I	guardedAtOrBeyondRangeSummary	alt	9462.6	9462.6	9462.6	OK s0
RESULT	45	PaperNativeWaypointDistanceGuard	(I[D[D[D[D[D[D[D[J)I	oldAtOrBeyondRangeSummary	old	9602.0	9602.0	9602.0	OK s0
SINK	184691366
RESULT	46	PaperNativeWaypointDistanceGuard	(I[D[D[D[D[D[D[J)I	guardedReallyFarSummary	alt	8420.3	8420.3	8420.3	OK s0
RESULT	46	PaperNativeWaypointDistanceGuard	(I[D[D[D[D[D[D[J)I	oldReallyFarSummary	old	8339.2	8339.2	8339.2	OK s0
SINK	151763640
RESULT	47	PaperNativeWaypointHotPath	(I)D	cachedChunkVisibleValue	alt	3026.3	3026.3	3026.3	OK s0
RESULT	47	PaperNativeWaypointHotPath	(I)D	directAzimuthValue	alt	2095.6	2095.6	2095.6	OK s0
RESULT	47	PaperNativeWaypointHotPath	(I)D	guardedAtOrBeyondRangeValue	alt	1178.5	1178.5	1178.5	OK s0
RESULT	47	PaperNativeWaypointHotPath	(I)D	guardedReallyFarValue	alt	1001.9	1001.9	1001.9	OK s0
RESULT	47	PaperNativeWaypointHotPath	(I)D	oldAtOrBeyondRangeValue	old	1153.6	1153.6	1153.6	OK s0
RESULT	47	PaperNativeWaypointHotPath	(I)D	oldAzimuthValue	old	2093.4	2093.4	2093.4	OK s0
RESULT	47	PaperNativeWaypointHotPath	(I)D	oldChunkVisibleValue	old	3512.4	3512.4	3512.4	OK s0
RESULT	47	PaperNativeWaypointHotPath	(I)D	oldReallyFarValue	old	946.3	946.3	946.3	OK s0
RESULT	47	PaperNativeWaypointHotPath	(I)D	oldWaypointManagerValue	old	99711.3	99711.3	99711.3	OK s0
RESULT	47	PaperNativeWaypointHotPath	(I)D	optimizedWaypointManagerValue	alt	92964.1	92964.1	92964.1	OK s0
SINK	8465150442368663552
RESULT	48	PaperNativeXoroshiroPositionalDirect	(I[I[I[IJJ[J)I	directDoubleBatchSummary	alt	1551.7	1551.7	1551.7	OK s0
RESULT	48	PaperNativeXoroshiroPositionalDirect	(I[I[I[IJJ[J)I	directFloatBatchSummary	alt	1555.5	1555.5	1555.5	OK s0
RESULT	48	PaperNativeXoroshiroPositionalDirect	(I[I[I[IJJ[J)I	oldDoubleBatchSummary	old	1553.0	1553.0	1553.0	OK s0
RESULT	48	PaperNativeXoroshiroPositionalDirect	(I[I[I[IJJ[J)I	oldFloatBatchSummary	old	1555.2	1555.2	1555.2	OK s0
SINK	8257502919692041198
