before		kernel=2	K=1	batches=60000	rounds=11	batch_ns_median=1096.6	batch_ns_min=1093.8	batch_ns_max=1111.6	op_ns_median=1096.6
before	_DIRECT	kernel=2	calls=60000	rounds=11	direct_ns_median=757.1	direct_ns_min=753.7	direct_ns_max=763.5
before		kernel=2	K=8	batches=7500	rounds=11	batch_ns_median=6707.0	batch_ns_min=6679.1	batch_ns_max=6758.3	op_ns_median=838.4
before	_DIRECT	kernel=2	calls=60000	rounds=11	direct_ns_median=760.8	direct_ns_min=757.0	direct_ns_max=764.6
before		kernel=2	K=16	batches=3750	rounds=11	batch_ns_median=13034.5	batch_ns_min=13009.1	batch_ns_max=15868.2	op_ns_median=814.7
before	_DIRECT	kernel=2	calls=60000	rounds=11	direct_ns_median=755.8	direct_ns_min=753.3	direct_ns_max=934.1
before		kernel=2	K=64	batches=937	rounds=11	batch_ns_median=51248.2	batch_ns_min=50995.4	batch_ns_max=52014.0	op_ns_median=800.8
before	_DIRECT	kernel=2	calls=60000	rounds=11	direct_ns_median=756.7	direct_ns_min=753.2	direct_ns_max=773.5
before		kernel=2	K=256	batches=500	rounds=11	batch_ns_median=203537.8	batch_ns_min=203085.3	batch_ns_max=279517.0	op_ns_median=795.1
before	_DIRECT	kernel=2	calls=60000	rounds=11	direct_ns_median=753.1	direct_ns_min=752.2	direct_ns_max=769.3
before		kernel=3	K=1	batches=60000	rounds=11	batch_ns_median=1042.3	batch_ns_min=1040.7	batch_ns_max=1043.6	op_ns_median=1042.3
before	_DIRECT	kernel=3	calls=60000	rounds=11	direct_ns_median=712.7	direct_ns_min=707.9	direct_ns_max=719.0
before		kernel=3	K=8	batches=7500	rounds=11	batch_ns_median=6282.7	batch_ns_min=6266.0	batch_ns_max=6337.2	op_ns_median=785.3
before	_DIRECT	kernel=3	calls=60000	rounds=11	direct_ns_median=708.6	direct_ns_min=708.2	direct_ns_max=710.9
before		kernel=3	K=16	batches=3750	rounds=11	batch_ns_median=12304.1	batch_ns_min=12270.6	batch_ns_max=14670.3	op_ns_median=769.0
before	_DIRECT	kernel=3	calls=60000	rounds=11	direct_ns_median=710.5	direct_ns_min=708.7	direct_ns_max=718.9
before		kernel=3	K=64	batches=937	rounds=11	batch_ns_median=48290.1	batch_ns_min=48174.0	batch_ns_max=48573.8	op_ns_median=754.5
before	_DIRECT	kernel=3	calls=60000	rounds=11	direct_ns_median=712.8	direct_ns_min=708.5	direct_ns_max=716.1
before		kernel=3	K=256	batches=500	rounds=11	batch_ns_median=191659.3	batch_ns_min=191541.3	batch_ns_max=193436.8	op_ns_median=748.7
before	_DIRECT	kernel=3	calls=60000	rounds=11	direct_ns_median=709.2	direct_ns_min=707.8	direct_ns_max=712.4
after		kernel=2	K=1	batches=60000	rounds=11	batch_ns_median=997.2	batch_ns_min=989.4	batch_ns_max=1010.1	op_ns_median=997.2
after	_DIRECT	kernel=2	calls=60000	rounds=11	direct_ns_median=763.4	direct_ns_min=757.2	direct_ns_max=796.7
after		kernel=2	K=8	batches=7500	rounds=11	batch_ns_median=6631.3	batch_ns_min=6586.6	batch_ns_max=6728.0	op_ns_median=828.9
after	_DIRECT	kernel=2	calls=60000	rounds=11	direct_ns_median=761.9	direct_ns_min=757.5	direct_ns_max=770.9
after		kernel=2	K=16	batches=3750	rounds=11	batch_ns_median=13022.9	batch_ns_min=12958.4	batch_ns_max=13073.2	op_ns_median=813.9
after	_DIRECT	kernel=2	calls=60000	rounds=11	direct_ns_median=759.9	direct_ns_min=756.6	direct_ns_max=928.2
after		kernel=2	K=64	batches=937	rounds=11	batch_ns_median=51551.9	batch_ns_min=51265.3	batch_ns_max=54356.6	op_ns_median=805.5
after	_DIRECT	kernel=2	calls=60000	rounds=11	direct_ns_median=762.5	direct_ns_min=757.1	direct_ns_max=980.9
after		kernel=2	K=256	batches=500	rounds=11	batch_ns_median=204300.0	batch_ns_min=203651.2	batch_ns_max=208052.3	op_ns_median=798.0
after	_DIRECT	kernel=2	calls=60000	rounds=11	direct_ns_median=757.9	direct_ns_min=753.9	direct_ns_max=793.2
after		kernel=3	K=1	batches=60000	rounds=11	batch_ns_median=951.3	batch_ns_min=948.0	batch_ns_max=955.4	op_ns_median=951.3
after	_DIRECT	kernel=3	calls=60000	rounds=11	direct_ns_median=716.0	direct_ns_min=714.6	direct_ns_max=1080.5
after		kernel=3	K=8	batches=7500	rounds=11	batch_ns_median=6239.7	batch_ns_min=6210.9	batch_ns_max=6316.2	op_ns_median=780.0
after	_DIRECT	kernel=3	calls=60000	rounds=11	direct_ns_median=714.7	direct_ns_min=709.5	direct_ns_max=729.1
after		kernel=3	K=16	batches=3750	rounds=11	batch_ns_median=12242.4	batch_ns_min=12215.6	batch_ns_max=13466.8	op_ns_median=765.2
after	_DIRECT	kernel=3	calls=60000	rounds=11	direct_ns_median=709.9	direct_ns_min=708.0	direct_ns_max=811.3
after		kernel=3	K=64	batches=937	rounds=11	batch_ns_median=49005.5	batch_ns_min=48371.0	batch_ns_max=49449.4	op_ns_median=765.7
after	_DIRECT	kernel=3	calls=60000	rounds=11	direct_ns_median=714.0	direct_ns_min=710.9	direct_ns_max=730.4
after		kernel=3	K=256	batches=500	rounds=11	batch_ns_median=194172.2	batch_ns_min=192495.0	batch_ns_max=196554.5	op_ns_median=758.5
after	_DIRECT	kernel=3	calls=60000	rounds=11	direct_ns_median=709.4	direct_ns_min=707.8	direct_ns_max=723.9
