ROW	PARITY OK g35 pair n=1 trial=0                 ret=1 dst0=da7f4acbbbbd30ae oldLane1=8 newLane1=0 (pinned delta)
ROW	PARITY OK g35 old-disp-vs-direct trial=0       ret=1 dsthash=f7b1c623
ROW	PARITY OK g35 pair n=2 trial=1                 ret=1 dst0=da7f4acbbbbd30ae oldLane1=8 newLane1=0 (pinned delta)
ROW	PARITY OK g35 old-disp-vs-direct trial=1       ret=1 dsthash=f7b1c623
ROW	PARITY OK g35 pair n=1 trial=2                 ret=1 dst0=da7f4acbbbbd30ae oldLane1=8 newLane1=0 (pinned delta)
ROW	PARITY OK g35 old-disp-vs-direct trial=2       ret=1 dsthash=f7b1c623
ROW	PARITY OK g35 pair n=2 trial=3                 ret=1 dst0=da7f4acbbbbd30ae oldLane1=8 newLane1=0 (pinned delta)
ROW	PARITY OK g35 old-disp-vs-direct trial=3       ret=1 dsthash=f7b1c623
ROW	PARITY OK g35 pair n=1 trial=4                 ret=1 dst0=da7f4acbbbbd30ae oldLane1=8 newLane1=0 (pinned delta)
ROW	PARITY OK g35 old-disp-vs-direct trial=4       ret=1 dsthash=f7b1c623
ROW	PARITY OK g35 pair n=2 trial=5                 ret=1 dst0=da7f4acbbbbd30ae oldLane1=8 newLane1=0 (pinned delta)
ROW	PARITY OK g35 old-disp-vs-direct trial=5       ret=1 dsthash=f7b1c623
ROW	PARITY OK g35 pair n=1 trial=6                 ret=1 dst0=da7f4acbbbbd30ae oldLane1=8 newLane1=0 (pinned delta)
ROW	PARITY OK g35 old-disp-vs-direct trial=6       ret=1 dsthash=f7b1c623
ROW	PARITY OK g35 pair n=2 trial=7                 ret=1 dst0=da7f4acbbbbd30ae oldLane1=8 newLane1=0 (pinned delta)
ROW	PARITY OK g35 old-disp-vs-direct trial=7       ret=1 dsthash=f7b1c623
ROW	PARITY OK g35 pair n=1 trial=8                 ret=1 dst0=da7f4acbbbbd30ae oldLane1=8 newLane1=0 (pinned delta)
ROW	PARITY OK g35 old-disp-vs-direct trial=8       ret=1 dsthash=f7b1c623
ROW	PARITY OK g35 pair n=2 trial=9                 ret=1 dst0=da7f4acbbbbd30ae oldLane1=8 newLane1=0 (pinned delta)
ROW	PARITY OK g35 old-disp-vs-direct trial=9       ret=1 dsthash=f7b1c623
ROW	PARITY OK g35 pair n=1 trial=10                ret=1 dst0=da7f4acbbbbd30ae oldLane1=8 newLane1=0 (pinned delta)
ROW	PARITY OK g35 old-disp-vs-direct trial=10      ret=1 dsthash=f7b1c623
ROW	PARITY OK g35 pair n=2 trial=11                ret=1 dst0=da7f4acbbbbd30ae oldLane1=8 newLane1=0 (pinned delta)
ROW	PARITY OK g35 old-disp-vs-direct trial=11      ret=1 dsthash=f7b1c623
ROW	PARITY OK g35 refusal n=4 (dst untouched both) ret=1 dsthash=31109800
ROW	PARITY OK g39 pair n=1 trial=0                 ret=1 dsthash=d0300a05
ROW	PARITY OK g39 old-disp-vs-direct trial=0       ret=1 dsthash=d0300a05
ROW	PARITY OK g39 pair n=4 trial=1                 ret=1 dsthash=24eafcfd
ROW	PARITY OK g39 old-disp-vs-direct trial=1       ret=1 dsthash=24eafcfd
ROW	PARITY OK g39 pair n=7 trial=2                 ret=1 dsthash=5b946457
ROW	PARITY OK g39 old-disp-vs-direct trial=2       ret=1 dsthash=5b946457
ROW	PARITY OK g39 pair n=10 trial=3                ret=1 dsthash=82bba12b
ROW	PARITY OK g39 old-disp-vs-direct trial=3       ret=1 dsthash=82bba12b
ROW	PARITY OK g39 pair n=13 trial=4                ret=1 dsthash=a495d5ee
ROW	PARITY OK g39 old-disp-vs-direct trial=4       ret=1 dsthash=a495d5ee
ROW	PARITY OK g39 pair n=1 trial=5                 ret=1 dsthash=169e0983
ROW	PARITY OK g39 old-disp-vs-direct trial=5       ret=1 dsthash=169e0983
ROW	PARITY OK g39 pair n=4 trial=6                 ret=1 dsthash=b5f71eb6
ROW	PARITY OK g39 old-disp-vs-direct trial=6       ret=1 dsthash=b5f71eb6
ROW	PARITY OK g39 pair n=7 trial=7                 ret=1 dsthash=d4f67844
ROW	PARITY OK g39 old-disp-vs-direct trial=7       ret=1 dsthash=d4f67844
ROW	PARITY OK g39 pair n=10 trial=8                ret=1 dsthash=57cb18ac
ROW	PARITY OK g39 old-disp-vs-direct trial=8       ret=1 dsthash=57cb18ac
ROW	PARITY OK g39 pair n=13 trial=9                ret=1 dsthash=9261de15
ROW	PARITY OK g39 old-disp-vs-direct trial=9       ret=1 dsthash=9261de15
ROW	PARITY OK g39 pair n=1 trial=10                ret=1 dsthash=83d2c5b7
ROW	PARITY OK g39 old-disp-vs-direct trial=10      ret=1 dsthash=83d2c5b7
ROW	PARITY OK g39 pair n=4 trial=11                ret=1 dsthash=57cd444c
ROW	PARITY OK g39 old-disp-vs-direct trial=11      ret=1 dsthash=57cd444c
ROW	PARITY OK g40 pair n=1 trial=0                 ret=1 dsthash=423f2672
ROW	PARITY OK g40 old-disp-vs-direct trial=0       ret=1 dsthash=423f2672
ROW	PARITY OK g40 pair n=3 trial=1                 ret=1 dsthash=c33f59ad
ROW	PARITY OK g40 old-disp-vs-direct trial=1       ret=1 dsthash=c33f59ad
ROW	PARITY OK g40 pair n=5 trial=2                 ret=1 dsthash=1f51d055
ROW	PARITY OK g40 old-disp-vs-direct trial=2       ret=1 dsthash=1f51d055
ROW	PARITY OK g40 pair n=7 trial=3                 ret=1 dsthash=4f96d8b7
ROW	PARITY OK g40 old-disp-vs-direct trial=3       ret=1 dsthash=4f96d8b7
ROW	PARITY OK g40 pair n=1 trial=4                 ret=1 dsthash=3ea1266c
ROW	PARITY OK g40 old-disp-vs-direct trial=4       ret=1 dsthash=3ea1266c
ROW	PARITY OK g40 pair n=3 trial=5                 ret=1 dsthash=342913af
ROW	PARITY OK g40 old-disp-vs-direct trial=5       ret=1 dsthash=342913af
ROW	PARITY OK g40 pair n=5 trial=6                 ret=1 dsthash=aa63c68c
ROW	PARITY OK g40 old-disp-vs-direct trial=6       ret=1 dsthash=aa63c68c
ROW	PARITY OK g40 pair n=7 trial=7                 ret=1 dsthash=637d7286
ROW	PARITY OK g40 old-disp-vs-direct trial=7       ret=1 dsthash=637d7286
ROW	PARITY OK g40 pair n=1 trial=8                 ret=1 dsthash=2a12096a
ROW	PARITY OK g40 old-disp-vs-direct trial=8       ret=1 dsthash=2a12096a
ROW	PARITY OK g40 pair n=3 trial=9                 ret=1 dsthash=c89219f
ROW	PARITY OK g40 old-disp-vs-direct trial=9       ret=1 dsthash=c89219f
ROW	PARITY OK g40 pair n=5 trial=10                ret=1 dsthash=35dbdfcd
ROW	PARITY OK g40 old-disp-vs-direct trial=10      ret=1 dsthash=35dbdfcd
ROW	PARITY OK g40 pair n=7 trial=11                ret=1 dsthash=8c26f92d
ROW	PARITY OK g40 old-disp-vs-direct trial=11      ret=1 dsthash=8c26f92d
ROW	PARITY OK g40 refusal flag=0 (dst untouched both) ret=1 dsthash=31109800
