1788890179	hopper-inventory	mutation	0
1788890179	hopper-inventory	query	0
1788890179	hopper-push-tick	query	0
1788890179	META	phase	init
1788890209	hopper-inventory	mutation	0
1788890209	hopper-inventory	query	0
1788890209	hopper-push-tick	query	0
1788890209	META	phase	tick
1788890239	hopper-inventory	mutation	0
1788890239	hopper-inventory	query	0
1788890239	hopper-push-tick	query	0
1788890239	META	phase	tick
1788890269	hopper-inventory	mutation	0
1788890269	hopper-inventory	query	0
1788890269	hopper-push-tick	query	0
1788890269	META	phase	tick
1788890299	hopper-inventory	mutation	166
1788890299	hopper-inventory	query	2859
1788890299	hopper-push-tick	query	1920
1788890299	META	phase	tick
1788890329	hopper-inventory	mutation	736
1788890329	hopper-inventory	query	13285
1788890329	hopper-push-tick	query	9120
1788890329	META	phase	tick
1788890359	hopper-inventory	mutation	1036
1788890359	hopper-inventory	query	25585
1788890359	hopper-push-tick	query	16320
1788890359	META	phase	tick
1788890389	hopper-inventory	mutation	1336
1788890389	hopper-inventory	query	37885
1788890389	hopper-push-tick	query	23520
1788890389	META	phase	tick
1788890419	hopper-inventory	mutation	1636
1788890419	hopper-inventory	query	50185
1788890419	hopper-push-tick	query	30720
1788890419	META	phase	tick
1788890449	hopper-inventory	mutation	1936
1788890449	hopper-inventory	query	62485
1788890449	hopper-push-tick	query	37920
1788890449	META	phase	tick
1788890479	hopper-inventory	mutation	2236
1788890479	hopper-inventory	query	74785
1788890479	hopper-push-tick	query	45120
1788890479	META	phase	tick
1788890509	hopper-inventory	mutation	2536
1788890509	hopper-inventory	query	87085
1788890509	hopper-push-tick	query	52320
1788890509	META	phase	tick
1788890539	hopper-inventory	mutation	2836
1788890539	hopper-inventory	query	99385
1788890539	hopper-push-tick	query	59520
1788890539	META	phase	tick
1788890569	hopper-inventory	mutation	3136
1788890569	hopper-inventory	query	111685
1788890569	hopper-push-tick	query	66720
1788890569	META	phase	tick
1788890599	hopper-inventory	mutation	3436
1788890599	hopper-inventory	query	123985
1788890599	hopper-push-tick	query	73920
1788890599	META	phase	tick
1788890611	hopper-inventory	mutation	3548
1788890611	hopper-inventory	query	128657
1788890611	hopper-push-tick	query	76656
1788890611	META	phase	shutdown
